protein_hit_id	query_accession	target_accession	target_genome_accession	hmmsearch_evalue	hmmsearch_score	collated_protein_sequence
K00024_NW_018148843.1_bd938983	K00024	NW_018148843.1	GCF_002042975.1	2.4e-20	58.7	VDILTYVAWKISGLPHEHVIGSGTNLDTARFHFLISEKLNIAPNNVHGWIIGEHGD
K00024_NW_018149603.1_4724c4ab	K00024	NW_018149603.1	GCF_002042975.1	7.9e-39	119.6	KAAITPLRVCVGGASNALAYGVLSYLAQGEVFGIDQEVSFYLLDTPDSQEVLKGTAMEIQDCSWPLLREVVYTSDPAIAFKDASVVVLLDGVPVTEEGDKKEQLIANARTFKAHGQALDQYAKKDVKVLIGGGPSSVNAFVTSKFAPSIPKRNICALARLQENRAKGLLAKKLNVNTAGIKDVIIWGNIGVVTRPDPRNARVHG
K00024_NW_018149644.1_cc9acc97	K00024	NW_018149644.1	GCF_002042975.1	6.9e-22	63.8	ISTADPKVAFSNIDVAILVGAMPRKEGMERKDLLKANAKIFVSQGKALEEAAKKTVKV
K00025_NW_018149603.1_5ea809d4	K00025	NW_018149603.1	GCF_002042975.1	1.2e-103	333.4	KAAITPLRVCVGGASNALAYGVLSYLAQGEVFGIDQEVSFYLLDTPDSQEVLKGTAMEIQDCSWPLLREVVYTSDPAIAFKDASVVVLLDGVPVTEEGDKKEQLIANARTFKAHGQALDQYAKKDVKVLIGGGPSSVNAFVTSKFAPSIPKRNICALARLQENRAKGLLAKKLNVNTAGIKDVIIWGNIGVVTRPDPRNARVHGYDGAIWGPHVPGFTQPVPEMVHDDKWLAGEFLETLKKPLDNVKNPDATPSLSESFAVLSQLCDLWQGTSSEIFSLGVASEGWYDLPQDIVFSLPVKFGQGSWKIVDNIQLDDNLKTQLQTIAEEL
K00025_NW_018149644.1_6111a0cd	K00025	NW_018149644.1	GCF_002042975.1	2.7e-186	605.8	EPLRICITGAAGQIAYSLLYSICKGDVFGTNQPLTLLLLDIQPMMSVLEGVVMELQDCAFPLLIISTADPKVAFSNIDVAILVGAMPRKEGMERKDLLKANAKIFVSQGKALEEAAKKTVKVLVVGNPANTNCMVAQMNAPSIPAKNFSCLTRLDMNRAKAQQIASRLGIRVQDVRNVIIWGNHSSTQYPDVNHGTIPSADGSAVPIRQAVKDDNWLNGDFVXTVQKRGAAIIAARKLSSAMSAAKAICDHMRDWWFGTPEGSYVSMGVCTDGSYGIPEGIVYSYPVTIADQEWKIVQGLPIDDFSREKMDATAKELLQEKE
K00026_NW_018149354.1_a4761bdc	K00026	NW_018149354.1	GCF_002042975.1	7.4e-70	222.3	KVAVLGAAGGIGQPMSLLMKQHTAISHLALYDIVNTPGIXXXXXXXXXXXXXXXXXXXXXXXXXXXXXXXXXXXXXXXXXPGMTRDDLFNTNASIVQTLSEACAK*DIILFLIFPRFGVLFE*GKIVSKLRPCYSKLFFLSFEFRFCPKAIICIISNPVNSTVPIASEVFKKAGVYDPARXXXXXXXXXXXXXXXXXXXXXXXXXXXXXXXXXXXXXXXMILFVFKTSPKTSFTDEETEKLTDRIQNAGTEVVNAKAGSXXXXXXXXXXXXXXXXXVLAALNGQKNMVECAFIKSDVCDTGYFASPVELG
K00026_NW_018149727.1_b520c61d	K00026	NW_018149727.1	GCF_002042975.1	2.5e-14	39.2	MILFVFKTSPKTSFTDEETEKLTDRIQNAGTEVVNAKAGS
K00030_NW_018150206.1_c20db29e	K00030	NW_018150206.1	GCF_002042975.1	2.2e-89	286.7	FSLYANVRPCRSIEGYPTVYNDVNLVTIRENTEGEYSGIEHQVVDGVVQSIKLITREASQRVADFAFQYAKANNRHTVTAVHKANIM*VSDGLFLECCRKAAEKNKDIRYNEMYLDTTCLNVSFNTXXXXXXXXXXXXXXXXXXXXXXXXXXXXXXXXXXXXXXXXXXXXGTAPDIAGQDKANPTALLLSAVMMLRHMELHSHAKDVETAVLETIEEGKV
K00030_NW_018148577.1_a8fe3ce4	K00030	NW_018148577.1	GCF_002042975.1	8.8e-68	215.4	VFVRHSNVDMIIIREQTEGEYTSLEHESVPGVVEMIKVITKKKSERIAKFAFDYATKHKRQKVTAVHKANIMKQGDGLFLKTCEQVSELYPKIKFEGMIVDNTCMQVLS
K00031_NW_018149164.1_89fa5171	K00031	NW_018149164.1	GCF_002042975.1	1.1e-193	631.2	LIEPYLDLDIKYFDLGLPNRDKTDDKVTVEAAEAIKHFSVGIKCATITPDEDRVKEFNLKKMWRSPNGTIRNILGGTVFREPIICQKVPRLVPGWVKPIVIGRHAHGDQYRARDFVVNGPGVFEISYNPADGSGKLTTEVFEFTGTGGVTMGMYNTDESIRDFAHSCFQYALSKEWPLYMSTKNTILKKYDGRFKDIFEEIYXXXXXXXXXXXXXXXXXXXXXXXVAYALKSPGGFVWAAKNYDGDVQSDTLAQGFGSLGLMTSVLVCGDGKTIEAEAAHGTVTRHYREYQKGNETSTNPIASIFAWTQGLRHRARLDKNVELKRFCKALEKACVDTVDSGAMTKDLAACIYGLS
K00031_NW_018149051.1_2e6b428c	K00031	NW_018149051.1	GCF_002042975.1	4.3e-31	94.4	GFGSLGMMTSVLVCPDGKTVEAEAAHGTVTRHYRMHQQGKETSTNPVG
K00031_NW_018148671.1_1065afb5	K00031	NW_018148671.1	GCF_002042975.1	3.6e-15	41.8	AAKIKVDGPVVEMDGDEMTRVIWTMIKDKV
K00164_NW_018150181.1_6d2a50ab	K00164	NW_018150181.1	GCF_002042975.1	6.1e-189	616.3	FLNGSSGNYVEEMYLSWKEDPKSVHRXXXXXXXXXXXXXXXXXXXXXXXXXXXXXXXXXXXXXXXXXXXXXXXXXXXXXXXXXXXXXXXXXXXXXXXXXXXXXXXXXXXXXXXXXXXXXXXXXXXXXXXXXXXXXXXXXXXXXXXXXXXXXXXXXXXXXXXXXXXXXXXXXXXXXXXXXXXXXXXXXXXXRFEAFLAKKWSSEKRFGVEGCEVLVPAMKTIIDKSSELGVESIIMGMPHRGRLNVLANVCRKSLEQIFTQFDPTLEASDEGSGDVKYHLGMSHERLNRATNKIIRLAVVANPSHXXXXXXXXXXXXXXXXXXXXXXXXXXXXXXXXXXXXXXXXXXXXXXXXXXXXXXXXXXXXXXXXXXXXXXXXXXXXXXXXXXXXXXXXXXQVVDAPIFHVNADDPEAVLHVCKVAAEWRAEFGKDVVIDLVCYRRHGHNEGDNPMFTQPIMYKNIAKKNNILDLYSKKLIXXXXXXXXXXXXXXXXXXXXXXXXXXXXXXXXXXXXXXXXXXXXXXXXXXXXXXXXXXXXXXXXXXXXXXXXXXXXXXXXXXXXXXXXXXXXXXXXXXXDWAVGEALAFGSLLMEGVHVRLSGQDVERGTFSHRHHILHHQDKDKVTYCPLNDLSADQAVYTVVNSSLSEYAVLLGFELGFSMTNPFALVCWEAQFGDFNNTAQV**IIISPQHHLIIILCPFTGVICSVKNNFMTIIIMS*FPPQCIIDQFISSGQDKWVRQSALTMLLPHGYEG
K00164_NW_018148596.1_1b0af3ef	K00164	NW_018148596.1	GCF_002042975.1	8.3e-119	384.1	GVFVTQGVVAETLCLANLPHFSVGGTIHLIVNNQLGFTTPGERGRXXXXXXXXXXXXXXXXXXXXXXXXXXXXXXXXXXXXXXXXXXXXXXXXXXXXXXXXXXXXXXXXXXXXXXXXXXXXXXXXXXXXXXXXXXXXXXXXXXXXXXXXXXXXXXXXXXXXXXXXXXXXXXXXXXXXXXXXXXXXXXXXXXXXXXXXXXXXXXXXXXXXXXXXXXXXXXXXXXXXXXXXXXXXXXXXXXXXXXXXXXXXGYQVRFSGQDVGRGTFSHRHAMLVDQLTDEMHVPLNNMSEQQNAFXVVNSPLSEEACLGFEYGMSIENPNHLIIWEAQFGDFFNGAQIIIDTFVSGGEAKWLLQSGLVMLLPHGYDGAGPEHSSCRMERFLQVCXXXXXXXXXXXXXXXXXXXXXXXXXXXXXXXXXXXXXXXXFRKPLIVVGPKLLLRLPVAVSSLKEMGPGTHFKPVLGDDTVNSASVTRVVFCSGKHYYALAKQRETTNSMDTAIIRLEVST*LQFSEY*FKLL
K00177_NW_018148829.1_c1354f30	K00177	NW_018148829.1	GCF_002042975.1	1.5e-12	33.4	ETVGRLRRMAVLPEFRRLGVARKLLSELINHAREIGYEQVVLLTTSAQQAALSFYPKHGFQ
K00234_NW_018149531.1_17c75622	K00234	NW_018149531.1	GCF_002042975.1	1.8e-266	872.3	EYPVVDHSYDAVVVGAGGAGLRAAFGLAHEGFKTACITKLFPTRSHTVAAQXXXXXXXXXXXXXXXXXXXXXXXXXXXXXXXXXXXXXXXXXXXXXXLQLENYGMPFSRTEKGEIYQRAFGGQSYNYGKGGQAHRCCAVADRTGHSLLHTLYGQSLRYNTEYFVEYFALDLLMDKGKCIGVIALCLEDGSLHRFRAKNTVIATGXXXXXXXXXXXXXXXXXXXXXXXXXXXXXXXXXXXXXXXXXXXXXXXXXXXXXXXXXXXXXXXXQGERFMERYAPTAKDLASRDVVSRSMTIEIREGRGVGPDKDHVYLQLSHLPAETLKTRLPGISETAMIFAGVDVTRDPIPVIPTVHYNMGGIPSNYMGQVLTKKDGKDEIVPGLWAAGESACASVHGANRLGANSLLDLVVFGRACANFIAKFNKPADAIPELXQNAGEESVANLDKIRYANGRTPTADLRLNMQKVXXXXXXXXXXXXXXXXXXXXXXXXXXXXXXXXXXXRGMVWNTDLVETLELQNLLINCKQTLYGAEARKESRGAHAREDFKERIDEYDYSKPLDGQTARPFDNHWRKHTLAWTDHNTGEV
K00235_NW_018150072.1_ef78d748	K00235	NW_018150072.1	GCF_002042975.1	3.4e-100	322.3	LFRCGPMVLDALIKIKNEIDPTLTFRRSCREGXXXXXXXXXXXXXXXXXXXXXXXXXXXXXXXXXXXXXXXXXXXXXDMNNFYEQYKSIEPYLKKKTEVEYGKEQYLQSIEDRKKLDGLYECILCACCSTACPSYWWNGDKYLGPAVLMQAYRWMIDSRDDYTEERLAKLDSDPFKVYRCHTIMNCTKTCPK
K00239_NW_018149531.1_91a9198b	K00239	NW_018149531.1	GCF_002042975.1	2e-76	243.6	GMPFSRTEKGEIYQRAFGGQSYNYGKGGQAHRCCAVADRTGHSLLHTLYGQVXXXXXXXXXXXXXXXXXXXXXXXXXXXXXXXXXXXXXXXXXXXXXXXXXXXXXXXXXXXXXXXXXXXXXXXXXXXXXXXXXXXXXXXXXXXXXXXXXXXXXXXXXXXXXXXXXXXQGERFMERYAPTAKDLASRDVVSRSMTIEIREGRGVGPDKDHVYLQLSHLPAETLKTRLPGISETAMIFAGVDVTRDPIPVIPTVHYNMGGIGLWAAGESACASVHGANRLGANSLLDLVVF
K00240_NW_018150072.1_cc40d82d	K00240	NW_018150072.1	GCF_002042975.1	2.7e-23	68.6	DGLYECILCACCSTACPSYWWNGDKYLGPAVLMQAYRWMIDSR
K00244_NW_018149531.1_e7513f39	K00244	NW_018149531.1	GCF_002042975.1	3e-39	120.7	PDKDHVYLQLSHLPAETLKTRLPGISETAMIFAGVDVTRDPIPVIPTVHYNMGGIPSNXXXXXXVPGLWAAGESACASVHGANRLGANSLLDLVVFGR
K00382_NW_018148563.1_e0f1020f	K00382	NW_018148563.1	GCF_002042975.1	6.8e-80	255.2	EVDLVVIGSGPGGYVASIKAAQLGMKVXXXXXXXXXXXXXXXXXXXXXXXXXXXXXXXXXXXXXXXXXXXXXXXXXXXXXXXXXXXXXXXXXXXXXXXXXXXXXXXXXXXXXXXXXXXXXXXXXXXXXXXXXXXXXXXXXXXXXXXXXXXXXXXXXXXXXXXXXXXXXXXXXXXXXXXXXXXXXXXXXXXXXXXXXXXXXXXXXXXXXXXXXXXXXXXXXXXXXXXXXXXXXXXXXXXXXXXXXXXXXXXXXXXXXXXXXXXXXXXXXXXXXXXXXXXXXXXXXXXXXXXXXXXXXXSIYAIGDCIHGPMLAHKAEDEGLSSVIYLIYVGKRIPTNIYLIKGLV*KSFFLWI*HCCV*FPSGIICVEGIAGGAVHIDYNCVPNVIYTHPEVAWVGKTEEMLKEEGVAYKIGKFPLSANSRARTNAEIDGLVKILSDKETDRLLGCHMVAPAAGEMINEAALAMEYGASSEDIARVCHAHP
K00658_NW_018148839.1_44a58cd0	K00658	NW_018148839.1	GCF_002042975.1	1.2e-105	340.2	KMTRMRQRIAQRLKDSQNTYAMLTTFNEVDMSNISEMRKKHKDTFFKKHGVKLGFMSAFIKASAHALQSEPTVNAXXXXXXXXXXXXXXXXXXXXXXXXXXXXXXXXXXXXXXXXXXXXXXXFASKARTNELAIEDMDGGTFTISNGGVFGSMMGTPIINPPQSSILGMHAIIDRPVAVNGKVEIRPMMYLALTYDHRLIDGREAVTFLRKIK
K00658_NW_018148726.1_66433c3c	K00658	NW_018148726.1	GCF_002042975.1	4.2e-56	176.8	SSEHTDTPHTNMRRTIAKRLAESKATVPHTYASTNCVMDNLLKLRKGLEVKVSVNDFIIKAAALTLRQVPEMNAVWSGEEAQLLKDVDISVAVATDSGLITPIVKTADNLPLAEISSTLXDLASRAREGKLKLHEFQGGSFTISNLGMFGITEFSAVINPPQACIMAVGGTRPVLTADETIHSVMTVTLSCDRRMVDDELAARWLDAFK
K00658_NW_018149561.1_15a37dc9	K00658	NW_018149561.1	GCF_002042975.1	6.4e-23	67.3	NIGVAMDTQQGLLVPNVRNVQNKSIFDIAMELNRLHQQGLTGKLTPDDLTGGTFTLSNIG
K00658_NW_018148572.1_284e3a57	K00658	NW_018148572.1	GCF_002042975.1	6.7e-16	44.2	LAEKARNNKLQPHEFQGGTITVSNLGMFGVKNFSAIINPPQ
K01616_NW_018150181.1_765d4db5	K01616	NW_018150181.1	GCF_002042975.1	1e-90	290.9	FEAFLAKKWSSEKRFGVEGCEVLVPAMKTIIDKSSELGVESIIMGMPHRGRLNVLANVCRKSLEQIFTQFDPTLEXXXXXXXXXXXXXXXXXXXXXXXXXXXXXXXXXXXXXXXXXXXXXXXXXXXXXXXXXXXXXXXXXXXXXXXXXXXXXXXXXXXXXXXXXXXXXXXXXXXXXXXXXXXXXXXXXXXXXXXXXXXXXXXXQVVDAPIFHVNADDPEAVLHVCKVAAEWRAEFGKDVVIDLVCYRRHGHNEGDNPMFTQPIMYKNIAKKNNILDLYSKKLIQEGVVTEEXXXXXXXXXXXXXXXXXXXXXXXXXXXXXXXXXXXXXXXXXXXXXXXXXXXXXXXXXXXXXXXXXXXXXXXXXXXXXXXXXXXXXXXXXXXXXXXXXXXXXXXXXXXXXXXXXXXXXXXXXXXXXXXXXXXXXXXXXXXXXXXXXXXXXXXXXXXXXXXXXXXXLGFELGFSMTNPFALVCWEAQFGDFNNTAQV**IIISPQHHLIIILCPFTGVICSVKNNFMTIIIMS*FPPQCIIDQFISSGQDKWVRQSALTMLLPHGYEG
K01616_NW_018148596.1_9a6c7063	K01616	NW_018148596.1	GCF_002042975.1	1.7e-127	412.7	GVFVTQGVVAETLCLANLPHFSVGGTIHLIVNNQLGFTTPGERGRXXXXXXXXXXXXXXXXXXXXXXXXXXXXXXXXXXXXXXXXXXXXXXXXXXXXXXRGHNEIDDPSFTQPTMYQVIENRPSVPDAYAESLVTRGVVTHEQLQKDATDYTAYLNNXXXXXXXXXXXXXXXXXXXXXXXXXXXXXXXXXXXXXXXXXXXXXXXXXXXXXXXXXXXXXXXXXXXXXXXXXXXXXXXXXXXXXXXXXXXXXXXVRFSGQDVGRGTFSHRHAMLVDQLTDEMHVPLNNMSEQQNAFQVVNSPLSEEACLGFEYGMSIENPNHLIIWEAQFGDFFNGAQIIIDTFVSGGEGKWLLQSGLVMLLPHGYDGAGPEHSSCRMERFLQVCILIENQFTVXXXXXXXXFFSLVQMVRNFRKPLIVVGPKLLLRLQVAVSSLKEMGPGTHFKPVLGDDTVNSASVTRVVFCSGKHYYALAKQRETTNSMDTAIIR
K01679_NW_018150154.1_b79e328c	K01679	NW_018150154.1	GCF_002042975.1	6.2e-290	948.9	RIETDSFGEIEVPADKYYGAQTARSKLNFPIGDESERMPXPVIRAFGFLKKAAAEVNKEFGLDASVADNIMKAADEVIAGTLKNNFPLVVWQTGSGTQSNMNVNEVISNRAIEMMGGQMGSKKPVHPNDHVNKSQSSNDTFPTAMHIAAAMEVHERLLPGLRKLHGALQAKSNEFKDLVKIGRTHTQDATPVTLGQEFSGYVQQIEYGISRVEGTLGRVYELAIGGTAVGTGLNTRIGFAEKMAAKIAEYTKLPFISAPNKFEALAAHDAMVELHGALNVIACSLMKIANDIRFLGSGPRCGLGELMLPENEPGSSIMPGKVNPTQCEAITMVAAQVIGNQTAVSVGGSNGHFELNVFKPMIIRNVLQSTRLIGDACVAFTDNCVVGIEANVERINKLRDESLMLVTALNPHIGYDNAAKIAKKAHKEGTTLKEAAVSLGLLTEEQFAEWVKPEDMLGP
K01681_NW_018149919.1_f111a4a1	K01681	NW_018149919.1	GCF_002042975.1	9.1e-78	248.2	VPTTVHCDHLIEAQVGGEEDLKKAKEINEEVYNFLATASAKYGVGFWKPGSGIIHQIVLENYGFPGVLLIGTDSHTXXXXXXXXXXXXXXXXXXXXXXXXXXXXXXXXXXXXXXXXXXXXXXXXXXXXXXXXXXXXXXXXXXXXXXXXXXXXXXXXXXXXXXTICNMGAEIGATTSVFPYNNRMEKYLIATGRPQIADLANKHASFLQSDSGADYDQVIEINLSEVXXXXXXXXXXXXXXXXXXXXXXXXXXXXXXXXXXXXXXXXXXXXXXXXXXXXXXXXXXXXXXXXXXXXXXXXXXXXXXXXXXXXXXXXXXXXXXXXXXXXXXXXXXXXXXXXXXXXXXXXXXXXXXXXXXXXXXXXXXXXXXXXXXXXXXXXXXXXXXXXXXXXXXXXXXXXXXXXXXXXXXXXXXXXXXXXXXXXXXXXXXXXXXXXXXXXXXXXXXXXXXXXXXXXXXXXXXXXXXXXXXXXXXXXXXXXXXXXXXXXXXXXXXXXXXXXXXXXXXXXXXXXXXXXXXXXXXXXXXXXXXXXXXXXXXXXXXXXXXXXXXXXXXXXXXXXXXXXXXXXXXXXXXXXXXXXXXXXXXXXXXXAKGVKWVAVGDENYGEGSSREHAALEPRHLGGRAIIVKSFARIH
K01899_NW_018149007.1_648d8436	K01899	NW_018149007.1	GCF_002042975.1	8.6e-128	413.7	GTFHSEQSIAYGTQMVGGVSPGKGGQTHLGLPVFDSVKADATVVYVPPPYAAAAVLEAIDAEIGLIVCITEGIPQQDMVKIKHTLERQEKSRMVGPNCPGIIKPGQCKIGIMPGHIHKPGKIGWYITNETELNCVSISSST*LIRSSLFCYSAWLRIIKKVRVTGVFLLLKQVRLFCLSVKGIVSRSGTLTYEAVHQTTEVGLGQSLCIGIGGDPFNGTNFMDCLDVFLQDPETXXXXXXXXXXXXXXXXXXXXXXXHNTGENAKPVVSFIAGVTAPPGRRMG
K01900_NW_018150231.1_7e96f481	K01900	NW_018150231.1	GCF_002042975.1	5.5e-79	252.3	VMVAESYDIARETYLAILMDRSYQGPVIVGSPKGGVDIEEVAKNTPEHIHKXXXXXXXXXXXXXXXXXXXXXXXXXXXXXXXXXXXXXXXXXXXXXXXXXXXXXXXXXXXXXSVVCFDAKFNFDDCARFRQKEVFAMDDQSESDPREVEAGKYDLNYIVNGAGLAMATMDIIKLHGGTPANFLDLGGGVQEEGVFQAFNIVTKDPRVS
K01902_NW_018149007.1_18503a13	K01902	NW_018149007.1	GCF_002042975.1	1e-107	346.8	GTFHSEQSIAYGTQMVGGVSPGKGGQTHLGLPVFDSVKEAKDATGADATVVYVPPPYAAAAVLEAIDAEIGLIVCITEGIPQQDMVKIKHTLERQEKSRMVGPNCPGIIQPGQCKIGIMPGHIHKPGKIGIVSRSGTLTYEAVHQTTEVGLGQSLCIGIGGDPFNGTNFMDCLDVFLQDPETEGLI
K01903_NW_018150231.1_1753ff5a	K01903	NW_018150231.1	GCF_002042975.1	1.1e-60	191.5	VMVAESYDIARETYLAILMDRSYQGPVIVGSPKGGVDIEEVAKNTPEHIHKVXXXXXXXXXXXXXXXXXXXXXXXXXXXXXXXXXXXXXXXXXXXXXXXXXXXXXXXXXXXXXXXXXXXXXXXXXXXXXXXXXXXXXXXXXXXXXXXXXXXXXXXXXXXXXXXXXXLVNGAGLAMATMDIIKLHGGTPANFLDLGGGVQEEGVFQAFNIVTKDPQVKSILVNIFGGIVDCSIVANGITSAYKRLNVNVPVVVRLEG
K01903_NW_018148751.1_23c857c8	K01903	NW_018148751.1	GCF_002042975.1	1.2e-44	138.7	VNGAGLAMATMDIIKLHGGEPANFLDVGGGATIAQVMAAFKIISEDKQVHATLVNIFGGIMRCDIIAEGIIAAARELELGIPIVVRLQGKQFQ
